<?xml version="1.0" encoding="UTF-8"?>
<zabbix_export>
    <version>4.0</version>
    <date>2019-07-01T14:33:15Z</date>
    <groups>
        <group>
            <name>parc</name>
        </group>
    </groups>
    <templates>
        <template>
            <template>zbx_tnslsnr</template>
            <name>zbx_tnslsnr</name>
            <description>Oracle listener</description>
            <groups>
                <group>
                    <name>parc</name>
                </group>
            </groups>
            <applications>
                <application>
                    <name>tnslsnr</name>
                </application>
            </applications>
            <items/>
            <discovery_rules>
                <discovery_rule>
                    <name>oratns.lld</name>
                    <type>2</type>
                    <snmp_community/>
                    <snmp_oid/>
                    <key>oratns.lld</key>
                    <delay>0</delay>
                    <status>0</status>
                    <allowed_hosts/>
                    <snmpv3_contextname/>
                    <snmpv3_securityname/>
                    <snmpv3_securitylevel>0</snmpv3_securitylevel>
                    <snmpv3_authprotocol>0</snmpv3_authprotocol>
                    <snmpv3_authpassphrase/>
                    <snmpv3_privprotocol>0</snmpv3_privprotocol>
                    <snmpv3_privpassphrase/>
                    <params/>
                    <ipmi_sensor/>
                    <authtype>0</authtype>
                    <username/>
                    <password/>
                    <publickey/>
                    <privatekey/>
                    <port/>
                    <filter>
                        <evaltype>0</evaltype>
                        <formula/>
                        <conditions/>
                    </filter>
                    <lifetime>30d</lifetime>
                    <description/>
                    <item_prototypes>
                        <item_prototype>
                            <name>lsnr {#DNSNAME}-{#PORT}</name>
                            <type>3</type>
                            <snmp_community/>
                            <snmp_oid/>
                            <key>net.tcp.service[tcp,{#DNSNAME},{#PORT}]</key>
                            <delay>60s</delay>
                            <history>7d</history>
                            <trends>365d</trends>
                            <status>0</status>
                            <value_type>3</value_type>
                            <allowed_hosts/>
                            <units/>
                            <snmpv3_contextname/>
                            <snmpv3_securityname/>
                            <snmpv3_securitylevel>0</snmpv3_securitylevel>
                            <snmpv3_authprotocol>0</snmpv3_authprotocol>
                            <snmpv3_authpassphrase/>
                            <snmpv3_privprotocol>0</snmpv3_privprotocol>
                            <snmpv3_privpassphrase/>
                            <params/>
                            <ipmi_sensor/>
                            <authtype>0</authtype>
                            <username/>
                            <password/>
                            <publickey/>
                            <privatekey/>
                            <port/>
                            <description/>
                            <inventory_link>0</inventory_link>
                            <applications>
                                <application>
                                    <name>tnslsnr</name>
                                </application>
                            </applications>
                            <valuemap/>
                            <logtimefmt/>
                            <preprocessing/>
                            <jmx_endpoint/>
                            <timeout>3s</timeout>
                            <url/>
                            <query_fields/>
                            <posts/>
                            <status_codes>200</status_codes>
                            <follow_redirects>1</follow_redirects>
                            <post_type>0</post_type>
                            <http_proxy/>
                            <headers/>
                            <retrieve_mode>0</retrieve_mode>
                            <request_method>0</request_method>
                            <output_format>0</output_format>
                            <allow_traps>0</allow_traps>
                            <ssl_cert_file/>
                            <ssl_key_file/>
                            <ssl_key_password/>
                            <verify_peer>0</verify_peer>
                            <verify_host>0</verify_host>
                            <application_prototypes/>
                            <master_item/>
                        </item_prototype>
                        <item_prototype>
                            <name>tnsping {#DNSNAME}-{#PORT}</name>
                            <type>7</type>
                            <snmp_community/>
                            <snmp_oid/>
                            <key>tnsping[{#DNSNAME},{#PORT}]</key>
                            <delay>60s</delay>
                            <history>7d</history>
                            <trends>365d</trends>
                            <status>0</status>
                            <value_type>0</value_type>
                            <allowed_hosts/>
                            <units>s</units>
                            <snmpv3_contextname/>
                            <snmpv3_securityname/>
                            <snmpv3_securitylevel>0</snmpv3_securitylevel>
                            <snmpv3_authprotocol>0</snmpv3_authprotocol>
                            <snmpv3_authpassphrase/>
                            <snmpv3_privprotocol>0</snmpv3_privprotocol>
                            <snmpv3_privpassphrase/>
                            <params/>
                            <ipmi_sensor/>
                            <authtype>0</authtype>
                            <username/>
                            <password/>
                            <publickey/>
                            <privatekey/>
                            <port/>
                            <description>tnsping  returns -1 for errors, ms otherwise</description>
                            <inventory_link>0</inventory_link>
                            <applications>
                                <application>
                                    <name>tnslsnr</name>
                                </application>
                            </applications>
                            <valuemap/>
                            <logtimefmt/>
                            <preprocessing>
                                <step>
                                    <type>1</type>
                                    <params>.001</params>
                                </step>
                            </preprocessing>
                            <jmx_endpoint/>
                            <timeout>3s</timeout>
                            <url/>
                            <query_fields/>
                            <posts/>
                            <status_codes>200</status_codes>
                            <follow_redirects>1</follow_redirects>
                            <post_type>0</post_type>
                            <http_proxy/>
                            <headers/>
                            <retrieve_mode>0</retrieve_mode>
                            <request_method>0</request_method>
                            <output_format>0</output_format>
                            <allow_traps>0</allow_traps>
                            <ssl_cert_file/>
                            <ssl_key_file/>
                            <ssl_key_password/>
                            <verify_peer>0</verify_peer>
                            <verify_host>0</verify_host>
                            <application_prototypes/>
                            <master_item/>
                        </item_prototype>
                    </item_prototypes>
                    <trigger_prototypes>
                        <trigger_prototype>
                            <expression>{zbx_tnslsnr:net.tcp.service[tcp,{#DNSNAME},{#PORT}].last(#5)}=0</expression>
                            <recovery_mode>0</recovery_mode>
                            <recovery_expression/>
                            <name>lsnr {#DNSNAME}-{#PORT} down</name>
                            <correlation_mode>0</correlation_mode>
                            <correlation_tag/>
                            <url/>
                            <status>0</status>
                            <priority>0</priority>
                            <description/>
                            <type>0</type>
                            <manual_close>0</manual_close>
                            <dependencies/>
                            <tags/>
                        </trigger_prototype>
                    </trigger_prototypes>
                    <graph_prototypes/>
                    <host_prototypes/>
                    <jmx_endpoint/>
                    <timeout>3s</timeout>
                    <url/>
                    <query_fields/>
                    <posts/>
                    <status_codes>200</status_codes>
                    <follow_redirects>1</follow_redirects>
                    <post_type>0</post_type>
                    <http_proxy/>
                    <headers/>
                    <retrieve_mode>0</retrieve_mode>
                    <request_method>0</request_method>
                    <allow_traps>0</allow_traps>
                    <ssl_cert_file/>
                    <ssl_key_file/>
                    <ssl_key_password/>
                    <verify_peer>0</verify_peer>
                    <verify_host>0</verify_host>
                </discovery_rule>
            </discovery_rules>
            <httptests/>
            <macros/>
            <templates/>
            <screens/>
        </template>
    </templates>
</zabbix_export>
